country_code,country,zone
AF,AFGHANISTAN,11
AL,ALBANIA,7
DZ,ALGERIA,11
AS,AMERICAN SAM.,11
AD,ANDORRA,4
AO,ANGOLA,11
AI,ANGUILLA,11
AG,ANTIGUA,11
AR,ARGENTINA,11
AM,ARMENIA,11
AW,ARUBA,11
AU,AUSTRALIA,9
AT,AUSTRIA,3
AZ,AZERBAIJAN,11
BS,BAHAMAS,11
BH,BAHRAIN,10
BD,BANGLADESH,11
BB,BARBADOS,11
BY,BELARUS,7
BE,BELGIUM,1
BZ,BELIZE,11
BJ,BENIN,11
BM,BERMUDA,11
BT,BHUTAN,11
BO,BOLIVIA,11
XB,BONAIRE,11
BA,BOSNIA AND HERZ.,7
BW,BOTSWANA,11
BR,BRAZIL,11
BN,BRUNEI,10
BG,BULGARIA,4
BF,BURKINA FASO,11
BI,BURUNDI,11
KH,CAMBODIA,10
CM,CAMEROON,11
CA,CANADA,8
IC,CANARY ISLANDS,7
CV,CAPE VERDE,11
KY,CAYMAN ISLANDS,11
CF,CENTRAL AFRICAN,11
TD,CHAD,11
CL,CHILE,11
CN,CHINA,9
CO,COLOMBIA,11
KM,COMOROS,11
CD,CONGO,11
CG,CONGO,11
CK,COOK ISLANDS,11
CR,COSTA RICA,11
CI,COTE D IVOIRE,11
HR,CROATIA,5
CU,CUBA,11
XC,CURACAO,11
CY,CYPRUS,4
CZ,"Czech Rep., The",4
DK,DENMARK,3
DJ,DJIBOUTI,11
DM,DOMINICA,11
DO,DOMINICAN REP.,11
LY,LIBYA,11
LI,LIECHTENSTEIN,7
LT,LITHUANIA,4
LU,LUXEMBOURG,1
MO,MACAU,9
MG,MADAGASCAR,11
MW,MALAWI,11
MY,MALAYSIA,9
MV,MALDIVES,11
ML,MALI,11
MT,MALTA,4
MH,MARSHALL ISL.,11
MQ,MARTINIQUE,11
MR,MAURITANIA,11
MU,MAURITIUS,11
YT,MAYOTTE,11
MX,MEXICO,8
FM,MICRONESIA,11
MD,MOLDOVA,7
MC,MONACO,2
MN,MONGOLIA,11
ME,MONTENEGRO,7
MS,MONTSERRAT,11
MA,MOROCCO,11
MZ,MOZAMBIQUE,11
MM,MYANMAR,11
NA,NAMIBIA,11
NR,NAURU,11
NP,NEPAL,11
NL,NETHERLANDS,1
XN,NEVIS,11
NC,NEW CALEDONIA,11
NZ,NEW ZEALAND,10
NI,NICARAGUA,11
NE,NIGER,11
NG,NIGERIA,11
NU,NIUE,11
MP,NO. MARIANA ISLANDS ,11
KP,NORTH KOREA,11
MK,NORTH MACEDONIA,7
NO,NORWAY,7
OM,OMAN,10
PK,PAKISTAN,11
PW,PALAU,11
PA,PANAMA,11
PG,PAPUA NEW GUIN.,11
PY,PARAGUAY,11
PE,PERU,11
PH,"PHILIPPINES, THE",9
PL,POLAND,4
PT,PORTUGAL,3
PR,PUERTO RICO,11
QA,QATAR,10
RE,REUNION,11
RO,ROMANIA,4
RU,RUSSIA,7
RW,RWANDA,11
WS,SAMOA,11
SM,SAN MARINO,3
TL,EAST TIMOR,11
EC,ECUADOR,11
EG,EGYPT,11
SV,EL SALVADOR,11
ER,ERITREA,11
EE,ESTONIA,4
ET,ETHIOPIA,11
FK,FALKLAND ISL.,11
FO,FAROE ISLANDS,7
FJ,FIJI,11
FI,FINLAND,3
FR,FRANCE,1
FR,FRANCE,2
GF,FRENCH GUYANA,11
GA,GABON,11
GM,GAMBIA,11
GE,GEORGIA,11
DE,GERMANY,1
DE,GERMANY,2
GH,GHANA,11
GI,GIBRALTAR,7
GR,GREECE,4
GL,GREENLAND,7
GD,GRENADA,11
GP,GUADELOUPE,11
GU,GUAM,11
GT,GUATEMALA,11
GG,GUERNSEY,12
GN,GUINEA REPUBLIC,11
GW,GUINEA-BISSAU,11
GQ,GUINEA-EQUAT.,11
BR,GUYANA,11
HT,HAITI,11
HN,HONDURAS,11
HK,HONG KONG,9
HU,HUNGARY,4
IS,ICELAND,7
IN,INDIA,9
ID,INDONESIA,9
IR,IRAN,11
IQ,IRAQ,11
IE,IRELAND,1
IL,ISRAEL,11
IT,ITALY,3
JM,JAMAICA,11
JP,JAPAN,9
JE,JERSEY,12
JO,JORDAN,10
KZ,KAZAKHSTAN,11
KE,KENYA,11
KI,KIRIBATI,11
KV,KOSOVO,7
KW,KUWAIT,10
KG,KYRGYZSTAN,11
LA,LAOS,11
LV,LATVIA,4
LB,LEBANON,11
LS,LESOTHO,11
LR,LIBERIA,11
ST,SAO TOME & PRINC.,11
SA,SAUDI ARABIA,10
SN,SENEGAL,11
RS,SERBIA,7
SC,SEYCHELLES,11
SL,SIERRA LEONE,11
SG,SINGAPORE,9
SK,SLOVAKIA,4
SI,SLOVENIA,4
SB,SOLOMON ISL.,10
SO,SOMALIA,11
XS,SOMALILAND,11
ZA,SOUTH AFRICA,10
KR,SOUTH KOREA,9
SS,SOUTH SUDAN,11
ES,SPAIN,3
LK,SRI LANKA,11
XY,ST. BARTHELEMY,11
XE,ST. EUSTATIUS,11
SH,ST. HELENA,11
KN,ST. KITTS,11
LC,ST. LUCIA,11
XM,ST. MAARTEN,11
VC,ST. VINCENT,11
SD,SUDAN,11
SR,SURINAME,11
SZ,SWAZILAND,11
SE,SWEDEN,3
CH,SWITZERLAND,7
SY,SYRIA,11
PF,TAHITI,11
TW,TAIWAN,9
TJ,TAJIKISTAN,11
TZ,TANZANIA,11
TH,THAILAND,9
TG,TOGO,11
TO,TONGA,11
TT,TRINIDAD & TOB.,11
TN,TUNISIA,11
TR,TURKEY,7
TC,TURKS & CAICOS ISL.,11
TV,TUVALU,11
TM,Turkmenistan,11
UG,UGANDA,11
UA,UKRAINE,7
AE,UNITED ARAB EMIR.,9
US,UNITED STATES,6
UY,URUGUAY,11
UZ,UZBEKISTAN,11
VU,VANUATU,11
VA,VATICAN CITY,3
VE,VENEZUELA,11
VN,VIETNAM,9
GB,VIRGIN ISLANDS,11
US,VIRGIN ISLANDS,11
YE,YEMEN,10
ZM,ZAMBIA,11
ZW,ZIMBABWE,11